{"cameraMode":{"drawMode":0,"name":"Shaded","section":"Shading Mode"},"sceneLighting":true,"audioPlay":false,"sceneViewState":{"showFog":true,"showMaterialUpdate":false,"showSkybox":true,"showFlares":true,"showImageEffects":true,"showParticleSystems":true},"in2DMode":false,"pivot":{"x":-0.4227055311203003,"y":1.924736738204956,"z":-0.1997814178466797},"rotation":{"x":-0.05719339847564697,"y":0.05448124185204506,"z":-0.003122944850474596,"w":-0.996877133846283},"size":8.050874710083008,"orthographic":false}